"id","feature","fc","pval","qval","chr","strand","start","end","t_name","num_exons","length","gene_id","gene_name"
"10563","transcript",2.60443484434339,0.0340878269365523,0.88656582986008,"chr14","+",27776164,27777213,"MSTRG.4121.2",2,407,"MSTRG.4121","."
"10617","transcript",4.02732156485028,0.0146888891261001,0.88656582986008,"chr14","-",31016219,31016272,"NR_028523",1,54,"MSTRG.4145","Snord19"
"10742","transcript",3.04633548329126,0.0340878269365523,0.88656582986008,"chr14","-",41002435,41013795,"MSTRG.4191.2",3,371,"MSTRG.4191","."
"10840","transcript",2.33627798035381,0.0340878269365523,0.88656582986008,"chr14","+",49172639,49178178,"MSTRG.4218.2",2,882,"MSTRG.4218","."
"11020","transcript",3.45014144938265,0.0366751160908376,0.893278391026619,"chr14","+",54894143,54898927,"NM_019402",7,1793,"MSTRG.4279","Pabpn1"
"11023","transcript",-4.5857740536698,0.00802381366891414,0.88656582986008,"chr14","-",54906725,54912733,"MSTRG.4284.1",6,2705,"MSTRG.4284","."
"11062","transcript",2.48789746187822,0.0340878269365523,0.88656582986008,"chr14","+",55504467,55507217,"MSTRG.4303.2",3,493,"MSTRG.4303","."
"11105","transcript",2.36367256328167,0.0340878269365523,0.88656582986008,"chr14","-",55719082,55719517,"MSTRG.4314.2",2,352,"MSTRG.4314","."
"11196","transcript",4.01306715817216,0.0453433336289515,0.908847966807511,"chr14","-",59563945,59597959,"NM_027986",10,2248,"MSTRG.4345","Cdadc1"
"11405","transcript",2.92115740289824,0.0340878269365523,0.88656582986008,"chr14","-",70140478,70141013,"MSTRG.4442.4",2,213,"MSTRG.4442","."
"11442","transcript",3.43448291454518,0.0390964159703731,0.893278391026619,"chr14","-",70617931,70629028,"MSTRG.4447.8",3,378,"MSTRG.4447","."
"11613","transcript",2.78943433294033,0.0340878269365523,0.88656582986008,"chr14","+",103684272,103685881,"MSTRG.4532.2",2,325,"MSTRG.4532","."
"11625","transcript",3.05166201136397,0.0301073349722908,0.88656582986008,"chr14","-",105140316,105141362,"MSTRG.4543.3",2,290,"MSTRG.4543","."
"11847","transcript",11.2745574642277,0.0430995704056591,0.90334674002984,"chr15","+",12137903,12150465,"MSTRG.4639.3",4,907,"MSTRG.4639","."
"12360","transcript",2.32271078022906,0.0115906456316461,0.88656582986008,"chr15","-",76452996,76477269,"NM_013481",16,2476,"MSTRG.4847","Bop1"
"12383","transcript",2.40673840108606,0.00672376194275737,0.88656582986008,"chr15","-",76595814,76597068,"MSTRG.4853.4",3,1098,"MSTRG.4853","."
"12384","transcript",-3.51797844977029,0.0175505882427791,0.88656582986008,"chr15","-",76595819,76596699,"MSTRG.4853.5",3,739,"MSTRG.4853","."
"12459","transcript",2.21463610080836,0.0304038285720302,0.88656582986008,"chr15","-",77764285,77764582,"MSTRG.4876.2",1,298,"MSTRG.4876","."
"12593","transcript",4.26994625734183,0.0340878269365523,0.88656582986008,"chr15","+",80255184,80257545,"NM_001287180",4,1446,"MSTRG.4920","Atf4"
"12594","transcript",-3.95023676998296,0.0285421391466445,0.88656582986008,"chr15","+",80255184,80257545,"NM_009716",3,1729,"MSTRG.4920","Atf4"
"12596","transcript",-2.51984709250796,0.0298778761867163,0.88656582986008,"chr15","-",80260622,80261501,"MSTRG.4921.2",1,880,"MSTRG.4921","."
"12711","transcript",3.43404567643061,0.0340878269365523,0.88656582986008,"chr15","-",83133147,83138516,"MSTRG.4971.2",3,661,"MSTRG.4971","."
"12809","transcript",2.27547681245736,0.0340878269365523,0.88656582986008,"chr15","+",89081354,89082114,"MSTRG.5009.2",2,264,"MSTRG.5009","."
"12859","transcript",2.20151848176422,0.0466260753772353,0.911550399197295,"chr15","-",89373422,89373782,"MSTRG.5024.3",1,361,"MSTRG.5024","."
"12874","transcript",3.68044411959277,0.0435506220420599,0.905314282157653,"chr15","+",89532939,89543230,"MSTRG.5028.2",2,647,"MSTRG.5028","."
"12890","transcript",2.29092274566621,0.00155489354759464,0.88656582986008,"chr15",".",90647104,90647540,"MSTRG.5034.1",1,437,"MSTRG.5034","."
"12908","transcript",3.02979310307829,0.0272300546393711,0.88656582986008,"chr15","+",92161357,92341967,"NM_001159647",24,5817,"MSTRG.5049","Cntn1"
"13032","transcript",-2.28901004683335,0.0313095605976262,0.88656582986008,"chr15","-",98737626,98763118,"NM_007478",5,3481,"MSTRG.5083","Arf3"
"13043","transcript",2.09521654905441,0.0292582478078662,0.88656582986008,"chr15","-",98861583,98864799,"MSTRG.5106.6",1,3217,"MSTRG.5106","."
"13155","transcript",3.44180609057846,0.0218496626617567,0.88656582986008,"chr15","+",100936271,101045938,"NM_011323",26,11241,"MSTRG.5131","Scn8a"
"13172","transcript",2.17826273574344,0.00580352179627586,0.88656582986008,"chr15","+",101266846,101274794,"NM_010444",7,2476,"MSTRG.5133","Nr4a1"
"13397","transcript",8.9212734372691,0.038122483445503,0.893278391026619,"chr16","+",7217624,7277187,"MSTRG.5198.5",3,609,"MSTRG.5198","."
"13402","transcript",-13.7240877791171,0.0407502537671555,0.898900275987838,"chr16","+",8513429,8621567,"NM_001170978",15,4467,"MSTRG.5202","Abat"
"13472","transcript",4.59077604608317,0.0340878269365523,0.88656582986008,"chr16","+",13392954,13398486,"MSTRG.5235.4",3,426,"MSTRG.5235","."
"13509","transcript",-2.82298044434695,0.0314080081425294,0.88656582986008,"chr16","-",14299244,14317332,"NM_025345",5,1422,"MSTRG.5247","Fopnl"
"13510","transcript",3.32126052367185,0.0340878269365523,0.88656582986008,"chr16","-",14299246,14317345,"MSTRG.5247.2",3,1150,"MSTRG.5247","."
"13557","transcript",2.33614284499926,0.0340878269365523,0.88656582986008,"chr16","-",17092620,17095174,"MSTRG.5270.5",2,759,"MSTRG.5270","."
"13600","transcript",-2.21606592285664,0.0212725527171143,0.88656582986008,"chr16","-",17651208,17722947,"NM_001285884",18,3417,"MSTRG.5282","Med15"
"13601","transcript",2.95982890903057,0.0340878269365523,0.88656582986008,"chr16","-",17651208,17722947,"NM_033609",18,3413,"MSTRG.5282","Med15"
"13620","transcript",-2.58048053598082,0.0214206455203148,0.88656582986008,"chr16","+",18052860,18071632,"NM_010047",6,1552,"MSTRG.5288","Dgcr6"
"13621","transcript",3.31905208201212,0.0493066443139665,0.930388433840319,"chr16","+",18066403,18071632,"NM_001289813",5,1364,"MSTRG.5288","Dgcr6"
"13625","transcript",-2.24716862578468,0.018374927332274,0.88656582986008,"chr16","-",18071726,18089190,"NM_011172",14,2283,"MSTRG.5289","Prodh"
"13670","transcript",5.49155840293456,0.0462363202528906,0.911550399197295,"chr16","-",18621811,18629938,"NM_213614",12,2127,"MSTRG.5309","Sept5"
"13968","transcript",-2.86004688260905,0.0143975570311212,0.88656582986008,"chr16",".",33138502,33138916,"MSTRG.5409.1",1,415,"MSTRG.5409","."
"14081","transcript",3.07372007756642,0.0340878269365523,0.88656582986008,"chr16","+",39011186,39022488,"MSTRG.5458.2",2,339,"MSTRG.5458","."
"1410","transcript",4.00841091377543,0.0159282388303132,0.88656582986008,"chr1","-",135264052,135267338,"MSTRG.559.3",3,838,"MSTRG.559","."
"14279","transcript",7.24254606034923,0.0116758704345215,0.88656582986008,"chr16",".",59457596,59459617,"MSTRG.5518.1",1,2022,"MSTRG.5518","."
"14302","transcript",-10.194595511083,0.0266985337508769,0.88656582986008,"chr16",".",64917150,64917765,"MSTRG.5529.1",1,616,"MSTRG.5529","."
"14377","transcript",9.29707026742494,0.0423733720707165,0.89966020944175,"chr16","-",84954436,85173707,"NM_007471",16,3132,"MSTRG.5565","App"
"14380","transcript",2.45212367010763,0.0340878269365523,0.88656582986008,"chr16",".",85552643,85553942,"MSTRG.5559.1",1,1300,"MSTRG.5559","."
"14483","transcript",3.24286441315261,0.0378242990826869,0.893278391026619,"chr16","+",92301303,92313041,"NM_138743",4,500,"MSTRG.5598","Smim11"
"14609","transcript",4.72718331525773,0.0205985919538445,0.88656582986008,"chr17","+",3506699,3513002,"MSTRG.5640.6",5,755,"MSTRG.5640","."
"14645","transcript",4.09005693556112,0.0187762373308598,0.88656582986008,"chr17","-",6466862,6490442,"MSTRG.5646.1",2,350,"MSTRG.5646","."
"14711","transcript",-2.11028941548913,0.0178444836972595,0.88656582986008,"chr17",".",10204170,10204398,"MSTRG.5676.1",1,229,"MSTRG.5676","."
"14977","transcript",68.6904521334914,0.00232609901661429,0.88656582986008,"chr17","-",24163865,24169395,"NR_037854",3,1118,"MSTRG.5768","Atp6v0c-ps2"
"14978","transcript",-87.4481998942035,0.00119594918313659,0.88656582986008,"chr17","-",24163866,24169429,"NM_009729",3,1151,"MSTRG.5768","Atp6v0c"
"15049","transcript",2.52668033703121,0.0340878269365523,0.88656582986008,"chr17","-",24629873,24632112,"MSTRG.5807.13",3,310,"MSTRG.5807","."
"15083","transcript",2.89016863056388,0.0340878269365523,0.88656582986008,"chr17","+",24887777,24891123,"MSTRG.5808.5",3,905,"MSTRG.5808","."
"15093","transcript",4.16390720500921,0.0166869202903431,0.88656582986008,"chr17","-",24897506,24936977,"NM_001163447",32,5576,"MSTRG.5812","Mapk8ip3"
"15126","transcript",3.83429341844137,0.0299563046635011,0.88656582986008,"chr17","-",25234399,25235963,"MSTRG.5814.6",6,1173,"MSTRG.5814","."
"15175","transcript",4.48078330479629,0.0153212627895927,0.88656582986008,"chr17","-",25782787,25785338,"NM_026897",8,1305,"MSTRG.5833","Haghl"
"15191","transcript",10.5198444932341,0.0062229683510564,0.88656582986008,"chr17","-",25830634,25832309,"MSTRG.5842.2",5,1247,"MSTRG.5842","."
"15200","transcript",4.03368047379359,0.0122628081627003,0.88656582986008,"chr17","-",25841764,25842420,"MSTRG.5849.2",2,333,"MSTRG.5849","."
"15347","transcript",2.89861307200228,0.0423470453498677,0.89966020944175,"chr17","-",28607083,28619350,"MSTRG.5904.3",3,247,"MSTRG.5904","."
"15453","transcript",-5.76534198298284,0.0401275155634129,0.898900275987838,"chr17","-",32198682,32201594,"MSTRG.5957.3",2,1182,"MSTRG.5957","."
"15543","transcript",4.82097919183856,0.0176256357613738,0.88656582986008,"chr17","+",33824572,33826187,"NR_103515",2,696,"MSTRG.5977","Ndufa7"
"15546","transcript",-2.41556081005798,0.0152967556331598,0.88656582986008,"chr17","+",33824645,33826187,"NR_103514",2,760,"MSTRG.5977","Ndufa7"
"15555","transcript",3.47287585606816,0.0366138820894155,0.893278391026619,"chr17","+",33909601,33915590,"NM_001199733",8,2681,"MSTRG.5974","Daxx"
"15664","transcript",4.29249405092103,0.00119500961541563,0.88656582986008,"chr17","-",34857569,34857632,"NR_105938",1,64,"MSTRG.6005","Mir6972"
"15747","transcript",4.29569877375587,0.0340878269365523,0.88656582986008,"chr17","+",35243072,35247120,"MSTRG.6033.4",2,563,"MSTRG.6033","."
"15750","transcript",-4.76726451386329,0.027856054331467,0.88656582986008,"chr17","+",35251289,35251405,"NR_106169",1,117,"MSTRG.6033","Mir8094"
"15784","transcript",2.12635195088635,0.015558301003431,0.88656582986008,"chr17","-",35693592,35697845,"MSTRG.6036.6",2,497,"MSTRG.6036","."
"1638","transcript",2.74369718102471,0.0340878269365523,0.88656582986008,"chr1","-",157158667,157163916,"MSTRG.644.2",3,587,"MSTRG.644","."
"16415","transcript",5.67716282448637,0.0257499747589818,0.88656582986008,"chr17","+",69259011,69273918,"MSTRG.6236.2",4,436,"MSTRG.6236","."
"16491","transcript",2.34613184504187,0.0340878269365523,0.88656582986008,"chr17","+",74356084,74367436,"MSTRG.6265.3",2,275,"MSTRG.6265","."
"16620","transcript",4.31301667461463,0.0340878269365523,0.88656582986008,"chr17",".",85498625,85499014,"MSTRG.6310.1",1,390,"MSTRG.6310","."
"16750","transcript",-3.63172110904257,0.0237870397785358,0.88656582986008,"chr18",".",8694052,8694883,"MSTRG.6362.1",1,832,"MSTRG.6362","."
"16828","transcript",4.20934434494441,0.0421809460101594,0.89966020944175,"chr18","-",14986336,15063941,"MSTRG.6400.3",3,361,"MSTRG.6400","."
"16915","transcript",-7.68065193863825,0.0413813952288619,0.898900275987838,"chr18","-",25477620,25753983,"NM_001146292",13,4007,"MSTRG.6442","Celf4"
"16916","transcript",6.59556263838959,0.0247283633232167,0.88656582986008,"chr18","-",25477620,25753983,"NM_001146293",13,3950,"MSTRG.6442","Celf4"
"16917","transcript",5.21780742518279,0.0423418161018275,0.89966020944175,"chr18","-",25477620,25753983,"NM_001146294",13,3980,"MSTRG.6442","Celf4"
"17011","transcript",5.36196292814984,0.0164677616728438,0.88656582986008,"chr18","+",34840636,34845681,"MSTRG.6473.3",4,453,"MSTRG.6473","."
"17059","transcript",3.08471477314875,0.0340878269365523,0.88656582986008,"chr18","+",36655439,36656835,"MSTRG.6514.2",2,386,"MSTRG.6514","."
"17132","transcript",2.83365462467552,0.023706270519996,0.88656582986008,"chr18","+",37707229,37841870,"NM_033589",4,4540,"MSTRG.6550","Pcdhga6"
"17441","transcript",-7.77902076398854,0.00260750044219105,0.88656582986008,"chr18","+",65800578,65817657,"NM_025468",6,770,"MSTRG.6675","Sec11c"
"17546","transcript",-11.8082389183889,0.0335675866121286,0.88656582986008,"chr18","+",75005855,75008827,"MSTRG.6730.1",2,306,"MSTRG.6730","."
"17577","transcript",3.58302567211764,0.0201935414267254,0.88656582986008,"chr18","-",77633281,77714010,"NM_178670",5,3418,"MSTRG.6742","8030462N17Rik"
"17578","transcript",-4.78589719651399,0.0172621845092791,0.88656582986008,"chr18","-",77633383,77674677,"MSTRG.6742.2",3,2851,"MSTRG.6742","."
"17723","transcript",-6.63198352844652,0.00116963341597964,0.88656582986008,"chr19","-",3908863,3912774,"NM_144870",7,1027,"MSTRG.6801","Ndufs8"
"17741","transcript",-2.90472415560115,0.0112151333951789,0.88656582986008,"chr19","-",4035411,4037912,"NM_013541",7,744,"MSTRG.6808","Gstp1"
"17761","transcript",-3.84756808687922,0.0112600151651099,0.88656582986008,"chr19","+",4151325,4154090,"MSTRG.6812.4",2,1970,"MSTRG.6812","."
"17833","transcript",2.00715929548963,0.0025716487350057,0.88656582986008,"chr19","-",4985724,4987438,"MSTRG.6848.2",1,1715,"MSTRG.6848","."
"17835","transcript",8.62857583104546,0.0204847271069859,0.88656582986008,"chr19","+",5038826,5041134,"NM_175383",2,2035,"MSTRG.6850","B4gat1"
"17845","transcript",5.963667995975,0.0340878269365523,0.88656582986008,"chr19","-",5092868,5098282,"MSTRG.6857.3",5,991,"MSTRG.6857","."
"17852","transcript",6.18015707642019,0.0291254439359547,0.88656582986008,"chr19","-",5109143,5109845,"MSTRG.6858.4",2,563,"MSTRG.6858","."
"17877","transcript",-2.40880600972404,0.0234189135120717,0.88656582986008,"chr19",".",5435941,5436764,"MSTRG.6865.1",1,824,"MSTRG.6865","."
"17894","transcript",2.47497355335052,0.0340878269365523,0.88656582986008,"chr19","-",5498178,5498826,"MSTRG.6882.4",2,412,"MSTRG.6882","."
"17905","transcript",-2.04437339031798,0.010231018656349,0.88656582986008,"chr19","-",5603014,5610094,"NM_178637",14,2011,"MSTRG.6881","Kat5"
"17907","transcript",2.5142236024183,0.0340878269365523,0.88656582986008,"chr19","-",5605122,5610094,"NM_001199249",9,1423,"MSTRG.6881","Kat5"
"1795","transcript",2.45712754695182,0.0340878269365523,0.88656582986008,"chr1","+",167001417,167091302,"NM_001160261",3,4666,"MSTRG.711","Fam78b"
"18112","transcript",-2.20702511157756,0.046153429127849,0.911550399197295,"chr19","-",8793129,8798557,"NM_026329",8,868,"MSTRG.6964","Polr2g"
"18146","transcript",-2.29226859200019,0.042689078384361,0.89966020944175,"chr19","+",8972357,8973177,"MSTRG.6980.2",1,821,"MSTRG.6980","."
"18445","transcript",4.67557323521349,0.0449440550912051,0.907769451485421,"chr19","+",26716113,26760075,"MSTRG.7090.3",4,715,"MSTRG.7090","."
"18694","transcript",-4.29053386922747,0.00583914511108197,0.88656582986008,"chr19","+",42247578,42270348,"NM_001141983",7,2832,"MSTRG.7191","Golga7b"
"18695","transcript",4.25563482467648,0.00208562730927164,0.88656582986008,"chr19","+",42255739,42270348,"NM_027694",5,2823,"MSTRG.7191","Golga7b"
"18911","transcript",-4.46551875919678,0.0148757532025268,0.88656582986008,"chr19","+",53641523,53642131,"MSTRG.7288.2",1,609,"MSTRG.7288","."
"19","transcript",2.04013127570742,0.0340878269365523,0.88656582986008,"chr1","+",4858328,4897909,"NM_001159751",10,2564,"MSTRG.8","Tcea1"
"19001","transcript",3.55273775931317,0.0340878269365523,0.88656582986008,"chr19",".",59087647,59088474,"MSTRG.7313.1",1,828,"MSTRG.7313","."
"1911","transcript",2.10315721801781,0.0265169816264998,0.88656582986008,"chr1","+",172110309,172110925,"MSTRG.763.2",1,617,"MSTRG.763","."
"19528","transcript",12.8262335595083,0.0277279622364464,0.88656582986008,"chr2","-",25466712,25469749,"NM_008963",7,805,"MSTRG.7455","Ptgds"
"19544","transcript",3.6006726444393,0.0397723840921411,0.898591269919353,"chr2","-",25573431,25574871,"NM_029293",3,583,"MSTRG.7461","Phpt1"
"19576","transcript",2.7448956595633,0.0340878269365523,0.88656582986008,"chr2","+",25908918,25909936,"MSTRG.7472.7",2,512,"MSTRG.7472","."
"19644","transcript",3.48394375890004,0.0340878269365523,0.88656582986008,"chr2","-",26913378,26916530,"NM_001271724",9,1142,"MSTRG.7508","Surf1"
"19646","transcript",-4.42568885827005,0.020625416175887,0.88656582986008,"chr2","-",26913378,26916530,"NR_073420",9,1218,"MSTRG.7508","Surf1"
"19748","transcript",3.11049975111137,0.028957909961419,0.88656582986008,"chr2","+",29965560,30031450,"NM_001076554",57,8020,"MSTRG.7556","Sptan1"
"19874","transcript",2.54632135000772,0.0340878269365523,0.88656582986008,"chr2","+",32377239,32378234,"MSTRG.7587.6",2,663,"MSTRG.7587","."
"20213","transcript",2.88558407586751,0.0340878269365523,0.88656582986008,"chr2","+",61646349,61650285,"MSTRG.7722.4",2,566,"MSTRG.7722","."
"20444","transcript",4.72571498179494,0.0340878269365523,0.88656582986008,"chr2","+",78870001,78870676,"MSTRG.7809.2",2,238,"MSTRG.7809","."
"205","transcript",2.2830960292684,0.0340878269365523,0.88656582986008,"chr1","-",30824209,30837258,"MSTRG.85.2",2,465,"MSTRG.85","."
"20503","transcript",4.81510136902396,0.00955629094341504,0.88656582986008,"chr2","+",84734204,84737877,"NM_001005342",5,752,"MSTRG.7828","Ypel4"
"20504","transcript",-2.41654236487535,0.0196788064573958,0.88656582986008,"chr2","+",84736409,84738641,"MSTRG.7828.3",2,2135,"MSTRG.7828","."
"20838","transcript",6.89687326582618,0.025740476468894,0.88656582986008,"chr2","-",91932822,91963563,"NM_138306",31,3494,"MSTRG.7879","Dgkz"
"20849","transcript",3.20900783201822,0.0340878269365523,0.88656582986008,"chr2","+",92326914,92328384,"MSTRG.7877.4",2,321,"MSTRG.7877","."
"21316","transcript",-5.86951675015555,0.0338763174385514,0.88656582986008,"chr2","+",121289602,121310832,"NM_032393",7,11823,"MSTRG.8062","Map1a"
"21386","transcript",-2.67328017796286,0.0231797403128967,0.88656582986008,"chr2","-",125086271,125123660,"NM_001162417",19,2402,"MSTRG.8086","Myef2"
"21388","transcript",2.49021347308985,0.0376072391041498,0.893278391026619,"chr2","-",125087742,125123660,"NM_010852",16,2999,"MSTRG.8086","Myef2"
"21570","transcript",6.28859597163506,0.0224392897478909,0.88656582986008,"chr2","-",130661736,130664131,"MSTRG.8138.2",3,1011,"MSTRG.8138","."
"21712","transcript",2.16859588939154,0.0418926392716976,0.898900275987838,"chr2","-",143747583,143789186,"NR_040625",3,3370,"MSTRG.8202","Pcsk2os2"
"21740","transcript",-2.6830813898019,0.0174185692789242,0.88656582986008,"chr2","+",144556229,144590753,"NM_001252543",20,2799,"MSTRG.8213","Sec23b"
"22116","transcript",-3.71422312554949,0.0423139620951551,0.89966020944175,"chr2",".",157901456,157902528,"MSTRG.8347.1",1,1073,"MSTRG.8347","."
"22144","transcript",2.7823168611988,0.0340878269365523,0.88656582986008,"chr2","+",158446127,158450314,"MSTRG.8362.5",3,323,"MSTRG.8362","."
"22300","transcript",-2.68193448569888,0.0407825475452658,0.898900275987838,"chr2","-",164846594,164846961,"MSTRG.8405.4",1,368,"MSTRG.8405","."
"22309","transcript",-3.40551731895849,0.0394837186159973,0.896621078330745,"chr2","+",164997001,164999782,"MSTRG.8413.3",1,2782,"MSTRG.8413","."
"22381","transcript",2.39891011288048,0.0340878269365523,0.88656582986008,"chr2","-",167307553,167313210,"MSTRG.8436.2",2,240,"MSTRG.8436","."
"22501","transcript",4.54115308552238,0.0340878269365523,0.88656582986008,"chr2","+",174091482,174093522,"MSTRG.8478.5",2,230,"MSTRG.8478","."
"22516","transcript",3.05213159480026,0.038301235691016,0.893278391026619,"chr2","+",174330089,174346742,"NM_001077510",11,1704,"MSTRG.8486","Gnas"
"22636","transcript",2.13089194027864,0.00251132535132581,0.88656582986008,"chr2",".",179918343,179918590,"MSTRG.8499.1",1,248,"MSTRG.8499","."
"22679","transcript",2.5123087840248,0.0340878269365523,0.88656582986008,"chr2","+",180710328,180721599,"NM_001289651",5,4446,"MSTRG.8517","Gid8"
"22680","transcript",-2.62628600269808,0.0322565957317212,0.88656582986008,"chr2","+",180712546,180721599,"NM_029607",4,4932,"MSTRG.8517","Gid8"
"22732","transcript",-5.25652558510849,0.0338646449709467,0.88656582986008,"chr2","+",181365423,181380793,"NM_001048148",6,2065,"MSTRG.8531","Zgpat"
"2300","transcript",2.86692703276663,0.0340878269365523,0.88656582986008,"chr10","-",5329457,5330340,"MSTRG.922.1",2,315,"MSTRG.922","."
"23113","transcript",3.99581086368103,0.0180437870322578,0.88656582986008,"chr3","+",45378398,45399598,"NM_001098172",5,4234,"MSTRG.8671","Pcdh10"
"23255","transcript",3.79120789791605,0.0340878269365523,0.88656582986008,"chr3","+",60595594,60596829,"MSTRG.8723.7",2,282,"MSTRG.8723","."
"23256","transcript",3.18478363545718,0.0442061138467865,0.907019868178246,"chr3","+",60613261,60626511,"MSTRG.8723.8",5,716,"MSTRG.8723","."
"23315","transcript",5.74083353929847,0.0298160645005254,0.88656582986008,"chr3","+",67892220,68626482,"NM_001113419",11,2397,"MSTRG.8755","Gm21949"
"23318","transcript",-3.49366824086541,0.0334869354844913,0.88656582986008,"chr3",".",68308879,68309279,"MSTRG.8756.1",1,401,"MSTRG.8756","."
"23324","transcript",2.24330740521579,0.0340878269365523,0.88656582986008,"chr3",".",68846560,68846808,"MSTRG.8751.1",1,249,"MSTRG.8751","."
"23363","transcript",4.27801720892281,0.0340878269365523,0.88656582986008,"chr3","-",75878646,75886840,"MSTRG.8774.3",2,240,"MSTRG.8774","."
"23386","transcript",5.65151341265727,0.0310157727494738,0.88656582986008,"chr3","-",81917974,81924470,"MSTRG.8781.1",2,364,"MSTRG.8781","."
"23502","transcript",4.31132596556021,0.0249284536897314,0.88656582986008,"chr3","-",87992514,88000356,"NM_001109758",8,2685,"MSTRG.8828","Bcan"
"23585","transcript",4.16046926629076,0.0451394875597492,0.907769451485421,"chr3","+",88907997,88910051,"MSTRG.8857.4",2,1607,"MSTRG.8857","."
"23614","transcript",2.46309889527753,0.0340878269365523,0.88656582986008,"chr3","+",89184893,89185597,"MSTRG.8863.2",2,265,"MSTRG.8863","."
"23660","transcript",-2.68761522682729,0.0352199166428255,0.888519399690402,"chr3","+",89459118,89469009,"NM_026784",5,1190,"MSTRG.8880","Pmvk"
"23858","transcript",3.7373052664184,0.0340878269365523,0.88656582986008,"chr3","+",94484790,94487372,"MSTRG.8928.6",5,901,"MSTRG.8928","."
"24164","transcript",-2.00823874999772,0.0460370853510491,0.911550399197295,"chr3","+",103990922,103991392,"MSTRG.9036.5",1,471,"MSTRG.9036","."
"24269","transcript",3.14728649521044,0.0340878269365523,0.88656582986008,"chr3","-",108075970,108076736,"MSTRG.9080.5",2,501,"MSTRG.9080","."
"24275","transcript",2.70194845731775,0.0340878269365523,0.88656582986008,"chr3","+",108186289,108192286,"NM_001004293",2,5551,"MSTRG.9077","Amigo1"
"24277","transcript",-2.78539704715237,0.0283272637610572,0.88656582986008,"chr3","+",108186289,108192286,"NM_146137",2,5586,"MSTRG.9077","Amigo1"
"24505","transcript",6.89388005853214,0.00539597570008077,0.88656582986008,"chr3","-",127812530,127822611,"MSTRG.9180.2",5,285,"MSTRG.9180","."
"24534","transcript",3.46919814346049,0.0340878269365523,0.88656582986008,"chr3","-",130011792,130033969,"MSTRG.9189.4",2,220,"MSTRG.9189","."
"24606","transcript",2.79983112627069,0.0340878269365523,0.88656582986008,"chr3","+",137905885,137908905,"MSTRG.9212.2",2,752,"MSTRG.9212","."
"25102","transcript",2.07249943652075,0.00308463418760363,0.88656582986008,"chr4","-",41194315,41275135,"NM_026872",29,4369,"MSTRG.9409","Ubap2"
"25124","transcript",-2.13617253027307,0.0181034993436118,0.88656582986008,"chr4","-",41657487,41658410,"MSTRG.9416.1",1,924,"MSTRG.9416","."
"25244","transcript",2.65035979056576,0.0444672729894791,0.907769451485421,"chr4","+",43423846,43424289,"MSTRG.9430.4",1,444,"MSTRG.9430","."
"25407","transcript",3.43463976673912,0.0330345833682475,0.88656582986008,"chr4",".",52902171,52902371,"MSTRG.9490.1",1,201,"MSTRG.9490","."
"25448","transcript",2.31789167730667,0.0340878269365523,0.88656582986008,"chr4","-",57019772,57024438,"MSTRG.9516.1",2,297,"MSTRG.9516","."
"2546","transcript",-2.38766261834708,0.0288423924358543,0.88656582986008,"chr10",".",30011707,30011928,"MSTRG.1015.1",1,222,"MSTRG.1015","."
"25855","transcript",4.56349143299327,0.0309366993271003,0.88656582986008,"chr4","+",101507976,101642799,"NM_001164584",19,5153,"MSTRG.9628","Dnajc6"
"25935","transcript",4.1456111016142,0.0340878269365523,0.88656582986008,"chr4","+",107031013,107037081,"MSTRG.9652.3",2,249,"MSTRG.9652","."
"25955","transcript",-2.68243440177832,0.0375642718520377,0.893278391026619,"chr4",".",107759933,107760339,"MSTRG.9660.1",1,407,"MSTRG.9660","."
"25978","transcript",2.47529158325605,0.0340878269365523,0.88656582986008,"chr4","+",108557327,108558867,"MSTRG.9671.2",2,298,"MSTRG.9671","."
"26191","transcript",-8.65184498135783,0.0130859065642959,0.88656582986008,"chr4","-",118211700,118212473,"MSTRG.9750.3",2,689,"MSTRG.9750","."
"2633","transcript",5.15047601331198,0.0340878269365523,0.88656582986008,"chr10","+",40883966,40920412,"MSTRG.1053.2",2,270,"MSTRG.1053","."
"26582","transcript",3.67565247166848,0.0158463912014735,0.88656582986008,"chr4","-",132311763,132329538,"NM_027925",9,1130,"MSTRG.9912","Trnau1ap"
"26585","transcript",-2.05624279055775,0.049055225272284,0.928329272560262,"chr4","-",132351933,132353686,"NR_003270",3,437,"MSTRG.9913","Snhg3"
"26604","transcript",2.6959742849506,0.0340878269365523,0.88656582986008,"chr4","-",132826924,132843169,"NM_001290725",7,2039,"MSTRG.9925","Ppp1r8"
"26688","transcript",-2.15815269007905,0.0153376981829261,0.88656582986008,"chr4","-",134530202,134530882,"MSTRG.9954.3",1,681,"MSTRG.9954","."
"27012","transcript",2.78522633998573,0.0314094765985762,0.88656582986008,"chr4","-",145099976,145107073,"MSTRG.10077.3",3,362,"MSTRG.10077","."
"27091","transcript",10.3572619291578,0.000151371617467255,0.841167633752533,"chr4","+",148593210,148594792,"MSTRG.10086.2",2,1498,"MSTRG.10086","."
"27126","transcript",-5.56802482033916,0.0385133643319804,0.893278391026619,"chr4",".",149457292,149457851,"MSTRG.10096.1",1,560,"MSTRG.10096","."
"27227","transcript",-2.3623351848534,0.0171902111746807,0.88656582986008,"chr4","-",152390740,152477549,"NM_010598",16,3604,"MSTRG.10138","Kcnab2"
"27300","transcript",3.46397835289975,0.0340878269365523,0.88656582986008,"chr4","+",155491361,155559269,"NM_001160017",11,3091,"MSTRG.10172","Gnb1"
"27319","transcript",2.29393086193341,0.0340878269365523,0.88656582986008,"chr4","-",155658311,155659283,"MSTRG.10183.7",2,852,"MSTRG.10183","."
"27320","transcript",-3.11001311116034,0.0396369964571086,0.898591269919353,"chr4","-",155659336,155659766,"MSTRG.10183.8",1,431,"MSTRG.10183","."
"27343","transcript",-2.0378678711403,0.0141618662227347,0.88656582986008,"chr4","+",155856004,155856561,"MSTRG.10187.7",1,558,"MSTRG.10187","."
"27353","transcript",3.51934995806105,0.0340878269365523,0.88656582986008,"chr4","+",155905415,155907246,"MSTRG.10195.5",2,1738,"MSTRG.10195","."
"27389","transcript",2.79896210092099,0.00883314515040079,0.88656582986008,"chr4","-",156177223,156177945,"MSTRG.10213.8",2,343,"MSTRG.10213","."
"27504","transcript",2.35198716225263,0.0340878269365523,0.88656582986008,"chr5",".",8055242,8055518,"MSTRG.10234.1",1,277,"MSTRG.10234","."
"27563","transcript",6.01717822675267,0.0081408824005077,0.88656582986008,"chr5",".",16346283,16346516,"MSTRG.10259.1",1,234,"MSTRG.10259","."
"27675","transcript",8.14581317507832,0.0201360925303331,0.88656582986008,"chr5","-",24598609,24622762,"MSTRG.10308.2",2,434,"MSTRG.10308","."
"27894","transcript",3.25857485511778,0.0318714418104312,0.88656582986008,"chr5","-",33769377,33770251,"MSTRG.10388.2",2,470,"MSTRG.10388","."
"27917","transcript",-2.62415458317236,0.0438703163209733,0.905318674207231,"chr5","-",34499181,34499788,"MSTRG.10401.2",1,608,"MSTRG.10401","."
"2792","transcript",6.16681729369161,0.0340878269365523,0.88656582986008,"chr10","+",60277628,60302600,"NM_001146122",14,2648,"MSTRG.1129","Psap"
"27925","transcript",-6.83750848779005,0.0269849506369547,0.88656582986008,"chr5","+",34616541,34632300,"MSTRG.10408.4",6,2646,"MSTRG.10408","."
"28001","transcript",-7.01137437434596,0.0019027125236597,0.88656582986008,"chr5","+",37242058,37292163,"NM_001136058",14,3103,"MSTRG.10451","Crmp1"
"28032","transcript",2.66791929860558,0.0340878269365523,0.88656582986008,"chr5","-",41624997,41627119,"MSTRG.10457.2",2,999,"MSTRG.10457","."
"28111","transcript",3.28935792700661,0.0340878269365523,0.88656582986008,"chr5","-",52153324,52190546,"NM_001042620",12,3009,"MSTRG.10493","Dhx15"
"28118","transcript",-2.67348115467065,0.0100378901957197,0.88656582986008,"chr5","-",52546313,52555720,"MSTRG.10492.2",3,534,"MSTRG.10492","."
"28622","transcript",2.73292842924282,0.0340878269365523,0.88656582986008,"chr5","-",100035604,100036984,"MSTRG.10654.5",2,259,"MSTRG.10654","."
"28768","transcript",-3.37705806879803,0.0264868702483217,0.88656582986008,"chr5","-",108582113,108585605,"MSTRG.10723.5",3,917,"MSTRG.10723","."
"28823","transcript",-8.12457119839446,0.0178478671240485,0.88656582986008,"chr5","-",110259135,110269899,"NM_001163538",6,2079,"MSTRG.10730","Pgam5"
"2890","transcript",3.87609291982085,0.0340878269365523,0.88656582986008,"chr10","-",64087848,64090364,"MSTRG.1170.2",2,1789,"MSTRG.1170","."
"28999","transcript",5.44146051023845,0.0124066622661367,0.88656582986008,"chr5","+",115997673,116006084,"MSTRG.10821.3",2,481,"MSTRG.10821","."
"2926","transcript",11.7944375180821,0.00611625820127526,0.88656582986008,"chr10","+",69982032,69994516,"MSTRG.1197.12",3,2855,"MSTRG.1197","."
"29341","transcript",3.29433881200725,0.0340878269365523,0.88656582986008,"chr5","-",131451882,131457911,"MSTRG.10972.3",2,211,"MSTRG.10972","."
"29479","transcript",2.734486539831,0.0411261965327985,0.898900275987838,"chr5","+",136990957,136991658,"MSTRG.11027.2",2,487,"MSTRG.11027","."
"29502","transcript",3.40273028282047,0.0315137636123985,0.88656582986008,"chr5","-",137295704,137307674,"NM_001109909",20,3003,"MSTRG.11041","Srrt"
"2956","transcript",-3.13855335048873,0.0480810331415688,0.917048503590121,"chr10","+",72656982,72657850,"MSTRG.1190.4",1,869,"MSTRG.1190","."
"29750","transcript",2.36371612217984,0.0247271823214803,0.88656582986008,"chr5","+",144854027,144857583,"MSTRG.11186.6",3,502,"MSTRG.11186","."
"29991","transcript",29.8260372675835,0.0418488332614179,0.898900275987838,"chr6",".",9889944,9890160,"MSTRG.11238.1",1,217,"MSTRG.11238","."
"3011","transcript",-11.8218824012866,0.019998158184012,0.88656582986008,"chr10","-",75859353,75860250,"NM_010798",3,554,"MSTRG.1210","Mif"
"30206","transcript",2.0114109527789,0.00987693257961664,0.88656582986008,"chr6",".",34152855,34153127,"MSTRG.11312.1",1,273,"MSTRG.11312","."
"30288","transcript",-5.49602855504497,0.0318826975151745,0.88656582986008,"chr6","+",39592583,39599471,"NM_026612",4,455,"MSTRG.11353","Ndufb2"
"30486","transcript",2.47910253213515,0.0216479617336343,0.88656582986008,"chr6",".",49093251,49093460,"MSTRG.11396.1",1,210,"MSTRG.11396","."
"30723","transcript",3.88725102808126,0.0289589414093815,0.88656582986008,"chr6","-",71389065,71393128,"MSTRG.11465.2",2,2939,"MSTRG.11465","."
"30737","transcript",2.97497102490941,0.0340878269365523,0.88656582986008,"chr6","+",71831320,71875266,"NM_001253687",13,2617,"MSTRG.11471","Immt"
"31055","transcript",-2.36518429207277,0.00963732420182861,0.88656582986008,"chr6","-",88835916,88836730,"MSTRG.11587.2",1,815,"MSTRG.11587","."
"31122","transcript",2.47190896984978,0.0340878269365523,0.88656582986008,"chr6","+",91895211,91898294,"MSTRG.11606.2",2,281,"MSTRG.11606","."
"31125","transcript",5.41069155941947,0.00492902558262021,0.88656582986008,"chr6",".",92088691,92089119,"MSTRG.11605.1",1,429,"MSTRG.11605","."
"31393","transcript",3.59889955255939,0.0399220035419259,0.898900275987838,"chr6","+",117906782,117925622,"NM_001166430",4,2532,"MSTRG.11724","Hnrnpf"
"32116","transcript",4.59438643269395,0.040870201046027,0.898900275987838,"chr7","+",3303532,3331097,"NM_001291434",17,2962,"MSTRG.11927","Prkcg"
"32139","transcript",5.001693162276,0.021655835817659,0.88656582986008,"chr7","+",3656811,3658392,"MSTRG.11935.4",2,567,"MSTRG.11935","."
"32233","transcript",3.51588420198024,0.0340878269365523,0.88656582986008,"chr7","+",4922870,4923330,"MSTRG.11961.3",2,316,"MSTRG.11961","."
"3228","transcript",2.27169160794135,0.0257070676571342,0.88656582986008,"chr10","+",80149682,80158368,"NM_001305799",8,3646,"MSTRG.1350","Midn"
"32622","transcript",-2.27448430698554,0.0293246917649237,0.88656582986008,"chr7","+",19508729,19516145,"NM_025960",6,768,"MSTRG.12056","Trappc6a"
"32888","transcript",3.52661121628915,0.0475076341930973,0.916934796383014,"chr7","+",24565532,24567136,"MSTRG.12080.2",3,724,"MSTRG.12080","."
"32975","transcript",-2.74252122491014,0.0237904761017154,0.88656582986008,"chr7","+",25659153,25668032,"NR_104358",6,1110,"MSTRG.12107","Exosc5"
"3310","transcript",-13.8952521199581,0.00241132632222174,0.88656582986008,"chr10","-",80899450,80900969,"NM_013895",3,1225,"MSTRG.1283","Timm13"
"33103","transcript",2.21938617078063,0.0340878269365523,0.88656582986008,"chr7","+",28451985,28462132,"NM_030562",5,1723,"MSTRG.12150","Lrfn1"
"3311","transcript",8.08909043565983,0.0140664985379912,0.88656582986008,"chr10","-",80899535,80900834,"MSTRG.1283.2",2,1078,"MSTRG.1283","."
"33216","transcript",5.80877540375569,0.0340878269365523,0.88656582986008,"chr7","+",30291703,30296987,"MSTRG.12202.1",3,469,"MSTRG.12202","."
"33618","transcript",2.45601447309317,0.0465850936046948,0.911550399197295,"chr7","+",45163921,45176139,"NM_182993",12,2940,"MSTRG.12318","Slc17a7"
"33762","transcript",7.92568861609119,0.0437986072435487,0.905314282157653,"chr7","-",47088489,47091352,"MSTRG.12380.4",3,1059,"MSTRG.12380","."
"33837","transcript",-10.0674745521493,0.00561587058175395,0.88656582986008,"chr7","+",57590518,57828801,"NM_001038701",9,5515,"MSTRG.12393","Gabrb3"
"3421","transcript",-2.65154382547726,0.036423573409782,0.893278391026619,"chr10","+",82833951,82897724,"NM_001042523",15,3634,"MSTRG.1390","Txnrd1"
"34326","transcript",5.24843302522924,0.0119080278507289,0.88656582986008,"chr7","+",96553487,96704183,"MSTRG.12606.2",3,775,"MSTRG.12606","."
"34329","transcript",2.55948039769125,0.0340878269365523,0.88656582986008,"chr7","+",96852337,96868101,"MSTRG.12606.4",3,631,"MSTRG.12606","."
"34503","transcript",3.46227705430758,0.0219287784865402,0.88656582986008,"chr7","+",101998072,102012110,"MSTRG.12667.3",7,4777,"MSTRG.12667","."
"34728","transcript",3.22179010633644,0.0260636400528821,0.88656582986008,"chr7","+",105740708,105742914,"MSTRG.12692.7",3,2032,"MSTRG.12692","."
"34840","transcript",-2.29534867834756,0.0349573084205137,0.887795459376908,"chr7","+",109029526,109034464,"MSTRG.12710.3",1,4939,"MSTRG.12710","."
"34877","transcript",2.5018868246862,0.0495303237430407,0.930388433840319,"chr7","+",110768206,110812408,"NM_001276301",15,3978,"MSTRG.12722","Ampd3"
"34878","transcript",-2.89057324600899,0.016879753004916,0.88656582986008,"chr7","+",110772604,110812408,"NM_009667",15,4097,"MSTRG.12722","Ampd3"
"34907","transcript",2.63792012351981,0.0340878269365523,0.88656582986008,"chr7","-",113335323,113368940,"MSTRG.12734.2",2,265,"MSTRG.12734","."
"34949","transcript",2.87606915525775,0.0148199782894909,0.88656582986008,"chr7","+",116504369,116540588,"NM_001130479",14,1689,"MSTRG.12751","Nucb2"
"35097","transcript",3.36468615162215,0.0340878269365523,0.88656582986008,"chr7","-",126149519,126153279,"MSTRG.12815.4",2,473,"MSTRG.12815","."
"35163","transcript",5.96558783502009,0.0191691365130731,0.88656582986008,"chr7","-",126795234,126800447,"NM_001177308",9,1461,"MSTRG.12832","Aldoa"
"35187","transcript",5.01102125939494,0.0340878269365523,0.88656582986008,"chr7","+",126950568,126953526,"MSTRG.12855.5",3,991,"MSTRG.12855","."
"35208","transcript",3.31260333200256,0.0340878269365523,0.88656582986008,"chr7","-",127194016,127194902,"MSTRG.12842.7",3,702,"MSTRG.12842","."
"35242","transcript",2.14441683301435,0.0331409257953694,0.88656582986008,"chr7",".",127484539,127484840,"MSTRG.12861.1",1,302,"MSTRG.12861","."
"35249","transcript",3.50729034207156,0.0340878269365523,0.88656582986008,"chr7","+",127538501,127540922,"MSTRG.12868.2",4,988,"MSTRG.12868","."
"35295","transcript",5.25667728028019,0.0390948060018415,0.893278391026619,"chr7",".",128012877,128013307,"MSTRG.12888.1",1,431,"MSTRG.12888","."
"3573","transcript",-2.5299212817368,0.0218393597151484,0.88656582986008,"chr10",".",93778612,93779783,"MSTRG.1454.1",1,1172,"MSTRG.1454","."
"35876","transcript",2.14586812005128,0.0427555739522925,0.89966020944175,"chr8","+",12757016,12868728,"NM_001293667",30,7547,"MSTRG.13091","Atp11a"
"36216","transcript",2.0546276960775,0.0452287910405984,0.907769451485421,"chr8","-",34090421,34108712,"NM_001293759",8,1350,"MSTRG.13205","Dctn6"
"36297","transcript",6.1446698826277,0.0442352262088799,0.907019868178246,"chr8","+",45012018,45013102,"MSTRG.13238.2",2,209,"MSTRG.13238","."
"36314","transcript",-4.08703922877733,0.0370645020754398,0.893278391026619,"chr8","+",45980313,45980636,"MSTRG.13239.2",1,324,"MSTRG.13239","."
"36588","transcript",-6.99786553611392,0.0409957432521766,0.898900275987838,"chr8","+",70673231,70678752,"NM_015816",5,942,"MSTRG.13338","Lsm4"
"36627","transcript",-3.10860417473467,0.0392183990505152,0.893278391026619,"chr8","+",71366848,71369732,"NM_001145780",9,1067,"MSTRG.13356","Use1"
"36629","transcript",2.03316155950665,0.0466372961629621,0.911550399197295,"chr8","+",71367171,71367848,"MSTRG.13356.3",1,678,"MSTRG.13356","."
"36630","transcript",3.39920736101634,0.0340878269365523,0.88656582986008,"chr8","+",71367217,71369732,"NM_025917",8,854,"MSTRG.13356","Use1"
"36648","transcript",5.00997271635076,0.0141462981131493,0.88656582986008,"chr8","+",71469194,71476097,"NR_122115",5,1933,"MSTRG.13366","Dda1"
"36676","transcript",2.67594543447477,0.0340878269365522,0.88656582986008,"chr8","-",71708387,71725681,"NM_028715",28,3160,"MSTRG.13376","Fcho1"
"36677","transcript",-2.44945998239093,0.0155919255027208,0.88656582986008,"chr8","-",71708387,71725681,"NR_028267",27,3399,"MSTRG.13376","Fcho1"
"36810","transcript",12.3124784224628,0.0346681800567326,0.887795459376908,"chr8","+",83566758,83571623,"NM_025843",3,533,"MSTRG.13435","Ndufb7"
"36896","transcript",5.23388377286669,0.0340878269365523,0.88656582986008,"chr8","-",84844573,84846861,"MSTRG.13467.2",4,562,"MSTRG.13467","."
"36967","transcript",4.30252704396262,0.0333628498314089,0.88656582986008,"chr8","-",85670390,85700768,"MSTRG.13491.3",3,326,"MSTRG.13491","."
"37070","transcript",3.04935925286576,0.0282191631428722,0.88656582986008,"chr8","+",94324311,94324381,"NR_029552",1,71,"MSTRG.13535","Mir138-2"
"37131","transcript",-19.7188168402045,0.0208201745217753,0.88656582986008,"chr8","+",95709762,95714949,"MSTRG.13565.4",6,2008,"MSTRG.13565","."
"37188","transcript",3.63448690432427,0.0440886201302502,0.906328804342082,"chr8","-",104639839,104641728,"NM_026753",5,680,"MSTRG.13588","Fam96b"
"37189","transcript",-6.73246552304697,0.0122203494943673,0.88656582986008,"chr8","-",104640974,104641753,"MSTRG.13588.2",2,563,"MSTRG.13588","."
"37252","transcript",2.64264523018428,0.0425437665379207,0.89966020944175,"chr8","+",105615915,105616452,"MSTRG.13609.4",1,538,"MSTRG.13609","."
"37385","transcript",2.45981974524106,0.0340878269365523,0.88656582986008,"chr8","+",109705546,109724932,"NM_001286391",9,2149,"MSTRG.13668","Zfp821"
"37387","transcript",-2.35642605452004,0.0320096237270273,0.88656582986008,"chr8","+",109706019,109724932,"NM_029468",8,2150,"MSTRG.13668","Zfp821"
"37554","transcript",3.44340941601395,0.0287924440316534,0.88656582986008,"chr8","-",121104391,121105835,"MSTRG.13737.3",2,377,"MSTRG.13737","."
"37561","transcript",5.88917515824953,0.0122431972198518,0.88656582986008,"chr8","-",121555205,121559096,"MSTRG.13743.2",3,336,"MSTRG.13743","."
"37603","transcript",2.36990063812657,0.0298119993418401,0.88656582986008,"chr8","-",122634949,122635825,"MSTRG.13769.4",2,283,"MSTRG.13769","."
"37607","transcript",2.0811164408104,0.0226663928752997,0.88656582986008,"chr8",".",122741141,122741476,"MSTRG.13763.1",1,336,"MSTRG.13763","."
"3764","transcript",-6.23211563218393,0.0183961480416632,0.88656582986008,"chr10","-",110961011,110962395,"MSTRG.1504.2",2,226,"MSTRG.1504","."
"37640","transcript",3.57681151712638,0.0340878269365523,0.88656582986008,"chr8","+",123373711,123404174,"NM_001286362",17,2984,"MSTRG.13791","Tcf25"
"3766","transcript",2.70344222911146,0.0340878269365523,0.88656582986008,"chr10","+",111164802,111297247,"NM_001003717",23,7115,"MSTRG.1506","Osbpl8"
"37998","transcript",3.10378199129152,0.0340878269365523,0.88656582986008,"chr9","+",21006828,21008816,"MSTRG.13923.2",4,539,"MSTRG.13923","."
"38072","transcript",-5.63934989029164,0.0158042854632017,0.88656582986008,"chr9","+",21700853,21701290,"MSTRG.13957.5",1,438,"MSTRG.13957","."
"38090","transcript",-8.09446967874491,0.0490907226660643,0.928329272560262,"chr9","+",21937010,21948907,"NM_001290299",10,2652,"MSTRG.13956","Lppr2"
"3834","transcript",-14.4691872206366,0.0411083660196654,0.898900275987838,"chr10",".",116972722,116973057,"MSTRG.1530.1",1,336,"MSTRG.1530","."
"38474","transcript",-3.81745667079226,0.0284921658151154,0.88656582986008,"chr9","-",44403762,44404571,"MSTRG.14077.2",1,810,"MSTRG.14077","."
"38597","transcript",6.73021341246399,0.031117416946831,0.88656582986008,"chr9","+",49402063,49405085,"MSTRG.14134.3",2,527,"MSTRG.14134","."
"38744","transcript",-2.45659611238324,0.00420305365594431,0.88656582986008,"chr9","+",57137754,57138133,"MSTRG.14201.2",1,380,"MSTRG.14201","."
"38779","transcript",3.26563053738068,0.0131230366863244,0.88656582986008,"chr9","-",57758284,57761866,"MSTRG.14212.2",3,808,"MSTRG.14212","."
"38998","transcript",-2.49055853505136,0.032890645201808,0.88656582986008,"chr9",".",67997528,67997728,"MSTRG.14292.1",1,201,"MSTRG.14292","."
"39023","transcript",3.08885990866937,0.0235970116438901,0.88656582986008,"chr9","+",70542778,70592072,"NM_026337",21,3569,"MSTRG.14302","Sltm"
"39026","transcript",8.05369085568108,0.0302434788804402,0.88656582986008,"chr9","+",70579952,70584113,"MSTRG.14302.4",4,811,"MSTRG.14302","."
"39374","transcript",2.60770819937376,0.0340878269365523,0.88656582986008,"chr9",".",100773582,100774425,"MSTRG.14443.1",1,844,"MSTRG.14443","."
"39389","transcript",4.23345151245069,0.0411972613623091,0.898900275987838,"chr9","+",102626313,102629888,"MSTRG.14454.2",2,501,"MSTRG.14454","."
"39502","transcript",6.92133543619469,0.00955390784401811,0.88656582986008,"chr9","+",107524577,107525432,"MSTRG.14511.9",2,700,"MSTRG.14511","."
"39616","transcript",2.57684998705272,0.0173202867006242,0.88656582986008,"chr9","+",108569908,108570966,"MSTRG.14546.2",2,941,"MSTRG.14546","."
"39641","transcript",-2.73683400135713,0.0172961786627402,0.88656582986008,"chr9","+",109038567,109057792,"NM_001284332",6,1923,"MSTRG.14554","Shisa5"
"39643","transcript",2.95778296167329,0.0340878269365523,0.88656582986008,"chr9","+",109054866,109057792,"NM_026381",4,1620,"MSTRG.14554","Shisa5"
"3966","transcript",-2.96482139375004,0.00805502078375187,0.88656582986008,"chr10","-",127184886,127185723,"MSTRG.1579.4",1,838,"MSTRG.1579","."
"39694","transcript",3.09933463929971,0.0340878269365523,0.88656582986008,"chr9","+",110373388,110374170,"MSTRG.14571.3",2,270,"MSTRG.14571","."
"39834","transcript",3.88601084655522,0.0340878269365523,0.88656582986008,"chr9","+",118536758,118539022,"MSTRG.14609.2",2,332,"MSTRG.14609","."
"39904","transcript",4.2333930451941,0.0340878269365523,0.88656582986008,"chr9","+",121382902,121392029,"MSTRG.14637.3",2,204,"MSTRG.14637","."
"40008","transcript",9.31309105577927,0.0340878269365523,0.88656582986008,"chrM","-",1118,16294,"MSTRG.14678.3",2,5814,"MSTRG.14678","."
"40009","transcript",13.2273045961533,0.0340878269365523,0.88656582986008,"chrM","-",5326,11535,"MSTRG.14678.5",2,6183,"MSTRG.14678","."
"40016","transcript",4.8078817110209,0.022310648879569,0.88656582986008,"chrUn_JH584304","-",51970,60829,"MSTRG.14689.2",6,4678,"MSTRG.14689","."
"40276","transcript",3.8653900403486,0.0340878269365523,0.88656582986008,"chrX","-",12685716,12693699,"MSTRG.14747.3",3,534,"MSTRG.14747","."
"40611","transcript",-2.5519078039594,0.0457917337968473,0.911550399197295,"chrX",".",38969787,38970221,"MSTRG.14810.1",1,435,"MSTRG.14810","."
"40620","transcript",3.23220446280787,0.0340878269365523,0.88656582986008,"chrX","+",42068330,42098832,"MSTRG.14813.2",3,282,"MSTRG.14813","."
"4098","transcript",6.36332601878589,0.0115133267131453,0.88656582986008,"chr10",".",128676130,128676450,"MSTRG.1624.1",1,321,"MSTRG.1624","."
"40994","transcript",2.1063466137622,0.0340878269365523,0.88656582986008,"chrX","-",73916870,73921944,"NM_019870",8,965,"MSTRG.14922","Naa10"
"41286","transcript",-2.12548654172558,0.030295945059404,0.88656582986008,"chrX","+",101377235,101385629,"NM_008124",2,1603,"MSTRG.15021","Gjb1"
"41288","transcript",2.48384775188123,0.0340878269365523,0.88656582986008,"chrX","+",101383732,101385629,"NM_001302497",2,1589,"MSTRG.15021","Gjb1"
"41289","transcript",3.40529394107124,0.0285446819925785,0.88656582986008,"chrX","-",101404384,101419914,"NM_001177985",24,5294,"MSTRG.15028","Zmym3"
"41294","transcript",5.10822099398109,0.0344703818006941,0.887795459376908,"chrX","-",101414930,101419914,"NM_001177986",7,1964,"MSTRG.15028","Zmym3"
"41813","transcript",3.18549534412742,0.0340878269365523,0.88656582986008,"chrX","+",151917529,151918927,"MSTRG.15253.3",2,467,"MSTRG.15253","."
"41922","transcript",2.39951208243085,0.0340878269365523,0.88656582986008,"chrX","+",159840468,159975920,"NM_001135728",13,4170,"MSTRG.15246","Sh3kbp1"
"42205","transcript",2.91523649800885,0.0224402572083894,0.88656582986008,"chrY","+",90727251,90735494,"MSTRG.15304.1",2,249,"MSTRG.15304","."
"42206","transcript",2.1660053096665,0.0233341323852043,0.88656582986008,"chrY","+",90727251,90735494,"MSTRG.15304.3",2,401,"MSTRG.15304","."
"4242","transcript",2.36498189776755,0.021086585341253,0.88656582986008,"chr11","-",3703731,3863903,"NM_152818",14,4097,"MSTRG.1662","Osbp2"
"4307","transcript",2.22976227179776,0.0340878269365523,0.88656582986008,"chr11","-",5060375,5065327,"NM_144560",7,2844,"MSTRG.1685","Gas2l1"
"4403","transcript",3.1833654523565,0.0340878269365523,0.88656582986008,"chr11","-",8453079,8468541,"MSTRG.1730.2",2,287,"MSTRG.1730","."
"4447","transcript",5.10895730366089,0.041335678021337,0.898900275987838,"chr11","+",16257724,16284551,"NM_001290539",5,3507,"MSTRG.1741","Vstm2a"
"4448","transcript",-2.45257653825939,0.0126818212740667,0.88656582986008,"chr11","+",16257724,16284551,"NM_145967",5,3629,"MSTRG.1741","Vstm2a"
"4487","transcript",5.69275428267556,0.0181871924101051,0.88656582986008,"chr11",".",20446611,20446841,"MSTRG.1758.1",1,231,"MSTRG.1758","."
"4915","transcript",-4.45436624079531,0.0498965444787494,0.930388433840319,"chr11","+",52232011,52245124,"MSTRG.1911.2",4,423,"MSTRG.1911","."
"5020","transcript",3.0854626372431,0.00956604810293116,0.88656582986008,"chr11","+",58042228,58043064,"MSTRG.1954.2",1,837,"MSTRG.1954","."
"5105","transcript",-2.77185619093814,0.0187375043079836,0.88656582986008,"chr11","+",59202486,59206135,"NM_001302334",4,1028,"MSTRG.1977","Mrpl55"
"5107","transcript",2.3673559732742,0.0340878269365523,0.88656582986008,"chr11","+",59202486,59206135,"NM_001302336",4,947,"MSTRG.1977","Mrpl55"
"5259","transcript",10.6131938752858,0.0340878269365523,0.88656582986008,"chr11","+",62552138,62553111,"MSTRG.2030.5",2,746,"MSTRG.2030","."
"5325","transcript",3.56129085227909,0.0340878269365523,0.88656582986008,"chr11","+",67532998,67688992,"NM_008088",14,6911,"MSTRG.2057","Gas7"
"5492","transcript",16.6315264306769,0.0174813465012066,0.88656582986008,"chr11","+",70018358,70030480,"MSTRG.2112.1",2,674,"MSTRG.2112","."
"5562","transcript",-3.30863601037199,0.0292035964646964,0.88656582986008,"chr11","-",70669467,70671070,"MSTRG.2126.5",3,1322,"MSTRG.2126","."
"5601","transcript",-7.19470922771739,0.0192814401626054,0.88656582986008,"chr11","+",71758960,71760286,"MSTRG.2135.2",2,725,"MSTRG.2135","."
"5608","transcript",2.61611812261521,0.0340878269365523,0.88656582986008,"chr11","-",72198363,72207015,"MSTRG.2140.2",3,784,"MSTRG.2140","."
"5858","transcript",2.51104497081202,0.0499308683975457,0.930388433840319,"chr11","+",78263826,78264580,"MSTRG.2230.2",1,755,"MSTRG.2230","."
"5911","transcript",5.994962016874,0.0351136790223816,0.887795459376908,"chr11","+",79684598,79685490,"MSTRG.2244.4",3,303,"MSTRG.2244","."
"602","transcript",4.89622243084264,0.0196338758081354,0.88656582986008,"chr1","-",63143594,63148573,"MSTRG.253.5",3,805,"MSTRG.253","."
"6238","transcript",3.33788202346791,0.0463525581185416,0.911550399197295,"chr11","+",95384922,95391652,"NM_016752",9,1169,"MSTRG.2374","Slc35b1"
"6352","transcript",-6.5582888738429,0.011066620150169,0.88656582986008,"chr11","-",97690924,97692196,"MSTRG.2417.4",2,631,"MSTRG.2417","."
"6418","transcript",2.89789543258363,0.0340878269365523,0.88656582986008,"chr11","+",98741294,98761023,"MSTRG.2449.2",3,651,"MSTRG.2449","."
"6421","transcript",-9.72011007300618,0.0446477410441053,0.907769451485421,"chr11","+",98763527,98768307,"MSTRG.2449.5",3,423,"MSTRG.2449","."
"657","transcript",3.30744344235762,0.0340878269365523,0.88656582986008,"chr1","+",66593695,66612287,"MSTRG.286.3",4,571,"MSTRG.286","."
"6614","transcript",2.22061802360973,0.0342248801582653,0.887690550793133,"chr11","-",101419187,101419253,"NR_105894",1,67,"MSTRG.2515","Mir6929"
"6625","transcript",-6.06289099373122,0.037203650648999,0.893278391026619,"chr11","+",101552107,101581951,"NM_001252220",24,4831,"MSTRG.2523","Nbr1"
"6628","transcript",6.49017802757899,0.0296725512095186,0.88656582986008,"chr11","+",101552654,101581951,"NM_008676",24,4654,"MSTRG.2523","Nbr1"
"67","transcript",-2.15058413758391,0.0111480101774739,0.88656582986008,"chr1","-",9942025,9944118,"NR_024067",4,407,"MSTRG.33","Snhg6"
"6785","transcript",3.61430068978246,0.0340878269365523,0.88656582986008,"chr11","+",105713380,105776954,"MSTRG.2575.3",2,334,"MSTRG.2575","."
"6786","transcript",5.09176120361524,0.0105615049852215,0.88656582986008,"chr11","+",105913356,105914159,"MSTRG.2575.4",2,253,"MSTRG.2575","."
"7113","transcript",2.94588202757438,0.0481514723467127,0.917048503590121,"chr11","+",117739831,117747297,"MSTRG.2703.2",2,300,"MSTRG.2703","."
"7305","transcript",3.98640548191282,0.0457811905329256,0.911550399197295,"chr11","+",121298556,121309905,"MSTRG.2774.3",2,3438,"MSTRG.2774","."
"7355","transcript",3.0822556880667,0.0340878269365523,0.88656582986008,"chr12","+",4204724,4206671,"MSTRG.2801.4",2,284,"MSTRG.2801","."
"7531","transcript",-2.50056685160279,0.0251280088176684,0.88656582986008,"chr12","-",27140796,27160516,"NR_045868",4,2087,"MSTRG.2889","Gm9866"
"7533","transcript",2.31107364176606,0.0340878269365523,0.88656582986008,"chr12","-",27140796,27160516,"NR_045870",2,1654,"MSTRG.2889","Gm9866"
"7693","transcript",-5.90965321205636,0.0260419213726416,0.88656582986008,"chr12","-",51629370,51643278,"MSTRG.2957.4",2,313,"MSTRG.2957","."
"771","transcript",2.57526679285606,0.0340878269365523,0.88656582986008,"chr1","-",75182894,75184868,"MSTRG.311.5",2,403,"MSTRG.311","."
"7824","transcript",5.59001698400914,0.0275238143797297,0.88656582986008,"chr12","-",69324116,69324492,"MSTRG.3024.2",2,293,"MSTRG.3024","."
"8103","transcript",2.28954245224806,0.0340878269365523,0.88656582986008,"chr12","+",84285296,84315832,"NM_001252625",10,3161,"MSTRG.3145","Ptgr2"
"8104","transcript",-2.64866645467303,0.0470801349270242,0.916207959094999,"chr12","+",84285296,84315832,"NM_001252626",11,3233,"MSTRG.3145","Ptgr2"
"8152","transcript",2.28056580664477,3.98462394191057e-06,0.0639731373873742,"chr12","+",85473901,85477270,"NM_010234",4,2094,"MSTRG.3167","Fos"
"8225","transcript",-4.9612479769142,0.0115851263179135,0.88656582986008,"chr12",".",88067311,88067544,"MSTRG.3196.1",1,234,"MSTRG.3196","."
"8451","transcript",2.78424204476788,0.0322556562386811,0.88656582986008,"chr12","+",106062632,106070824,"MSTRG.3274.6",2,474,"MSTRG.3274","."
"8494","transcript",20.476799339658,0.0329876691488085,0.88656582986008,"chr12","+",109506501,109568650,"MSTRG.3315.2",6,12784,"MSTRG.3315","."
"8497","transcript",21.0754288699581,0.0205410587152173,0.88656582986008,"chr12","+",109540996,109571729,"NR_027652",10,1913,"MSTRG.3315","Meg3"
"8541","transcript",3.56237663223792,0.0231975368241153,0.88656582986008,"chr12","+",109637652,109647181,"MSTRG.3345.4",5,2393,"MSTRG.3345","."
"8728","transcript",4.39404188518416,0.0313845286677832,0.88656582986008,"chr12","+",113135678,113137206,"MSTRG.3425.5",2,1077,"MSTRG.3425","."
"882","transcript",7.64138038997215,0.0268442464871405,0.88656582986008,"chr1","-",84793523,84795817,"MSTRG.358.2",2,933,"MSTRG.358","."
"8873","transcript",-2.0261402138121,0.0406505809807389,0.898900275987838,"chr13",".",15769078,15769308,"MSTRG.3483.1",1,231,"MSTRG.3483","."
"92","transcript",3.26044125439307,0.0197548304373862,0.88656582986008,"chr1","+",12718545,12860372,"NM_172294",22,4609,"MSTRG.45","Sulf1"
"9546","transcript",2.84349101370763,0.0406385391257755,0.898900275987838,"chr13","-",55508057,55509172,"MSTRG.3727.6",2,663,"MSTRG.3727","."
"995","transcript",2.01726100948736,0.0340878269365523,0.88656582986008,"chr1","+",90203980,90215722,"NM_007722",2,2036,"MSTRG.387","Ackr3"
